{
  "Greg Kirczenow": [
    [
      0.4648832678794861,
      "Pawan Lingras"
    ],
    [
      0.6164553165435791,
      "Nikita Neveditsin"
    ],
    [
      0.6440938115119934,
      "Miguel Palafox"
    ],
    [
      0.6593255996704102,
      "Jeevan Dhakal"
    ],
    [
      0.6637605428695679,
      "Nikola Kriznar"
    ]
  ],
  "Nikita Neveditsin": [
    [
      0.237673819065094,
      "Miguel Palafox"
    ],
    [
      0.29823440313339233,
      "Jeevan Dhakal"
    ],
    [
      0.3041413426399231,
      "Binziya Siddik"
    ],
    [
      0.3126039505004883,
      "Jayanta Sarker Shuva"
    ],
    [
      0.342190682888031,
      "Mohammad Pakdoust"
    ]
  ],
  "Pawan Lingras": [
    [
      0.41075611114501953,
      "Miguel Palafox"
    ],
    [
      0.4524592161178589,
      "Zilong Wang"
    ],
    [
      0.4574434161186218,
      "Binziya Siddik"
    ],
    [
      0.4588446617126465,
      "Nikola Kriznar"
    ],
    [
      0.4648832678794861,
      "Greg Kirczenow"
    ]
  ],
  "Somto Muotoe": [
    [
      0.2743712067604065,
      "Md Riad Arifin"
    ],
    [
      0.34166598320007324,
      "Jayanta Sarker Shuva"
    ],
    [
      0.3604890704154968,
      "Zilong Wang"
    ],
    [
      0.3668416142463684,
      "Binziya Siddik"
    ],
    [
      0.3845038414001465,
      "Nikola Kriznar"
    ]
  ],
  "Mohamed Drira": [
    [
      0.28217166662216187,
      "Mohammad Pakdoust"
    ],
    [
      0.3209879398345947,
      "Jayanta Sarker Shuva"
    ],
    [
      0.3831440806388855,
      "Jeevan Dhakal"
    ],
    [
      0.45174115896224976,
      "Miguel Palafox"
    ],
    [
      0.4679114818572998,
      "Nikita Neveditsin"
    ]
  ],
  "Mohammad Pakdoust": [
    [
      0.22138887643814087,
      "Jayanta Sarker Shuva"
    ],
    [
      0.25510191917419434,
      "Binziya Siddik"
    ],
    [
      0.28217166662216187,
      "Mohamed Drira"
    ],
    [
      0.2940189838409424,
      "Jeevan Dhakal"
    ],
    [
      0.310721218585968,
      "Miguel Palafox"
    ]
  ],
  "Bhavik Kantilal Bhagat": [
    [
      0.35099852085113525,
      "Nikola Kriznar"
    ],
    [
      0.3695140480995178,
      "Md Riad Arifin"
    ],
    [
      0.4327172636985779,
      "Somto Muotoe"
    ],
    [
      0.48250526189804077,
      "Zilong Wang"
    ],
    [
      0.48375219106674194,
      "Soundarya Venkataraman"
    ]
  ],
  "Sridhar Vadla ": [
    [
      0.22641664743423462,
      "Binziya Siddik"
    ],
    [
      0.30471372604370117,
      "Md Riad Arifin"
    ],
    [
      0.3295031785964966,
      "Miguel Palafox"
    ],
    [
      0.3594743013381958,
      "Zilong Wang"
    ],
    [
      0.36470282077789307,
      "Nikola Kriznar"
    ]
  ],
  "Soundarya Venkataraman": [
    [
      0.2848779559135437,
      "Binziya Siddik"
    ],
    [
      0.3173563480377197,
      "Krushi Mistry"
    ],
    [
      0.31779563426971436,
      "Md Riad Arifin"
    ],
    [
      0.3529316186904907,
      "Mohammad Pakdoust"
    ],
    [
      0.3644227385520935,
      "Md Musfiqur Rahman"
    ]
  ],
  "Binziya Siddik": [
    [
      0.13185787200927734,
      "Miguel Palafox"
    ],
    [
      0.19956457614898682,
      "Jayanta Sarker Shuva"
    ],
    [
      0.2073817253112793,
      "Jeevan Dhakal"
    ],
    [
      0.20831912755966187,
      "Md Musfiqur Rahman"
    ],
    [
      0.21819818019866943,
      "Md Riad Arifin"
    ]
  ],
  "Krushi Mistry": [
    [
      0.3173563480377197,
      "Soundarya Venkataraman"
    ],
    [
      0.3821016550064087,
      "Binziya Siddik"
    ],
    [
      0.3831539750099182,
      "Zilong Wang"
    ],
    [
      0.3885997533798218,
      "Jeevan Dhakal"
    ],
    [
      0.3956897258758545,
      "Nikola Kriznar"
    ]
  ],
  "Miguel Palafox": [
    [
      0.13185787200927734,
      "Binziya Siddik"
    ],
    [
      0.18242573738098145,
      "Jeevan Dhakal"
    ],
    [
      0.2346411943435669,
      "Jayanta Sarker Shuva"
    ],
    [
      0.237673819065094,
      "Nikita Neveditsin"
    ],
    [
      0.310721218585968,
      "Mohammad Pakdoust"
    ]
  ],
  "Zilong Wang": [
    [
      0.23928797245025635,
      "Binziya Siddik"
    ],
    [
      0.24545562267303467,
      "Nikola Kriznar"
    ],
    [
      0.2676049470901489,
      "Jayanta Sarker Shuva"
    ],
    [
      0.27378344535827637,
      "Md Musfiqur Rahman"
    ],
    [
      0.3371756076812744,
      "Md Riad Arifin"
    ]
  ],
  "Md Musfiqur Rahman": [
    [
      0.20831912755966187,
      "Binziya Siddik"
    ],
    [
      0.23547005653381348,
      "Jayanta Sarker Shuva"
    ],
    [
      0.27378344535827637,
      "Zilong Wang"
    ],
    [
      0.3215048313140869,
      "Miguel Palafox"
    ],
    [
      0.32421380281448364,
      "Md Riad Arifin"
    ]
  ],
  "Nikola Kriznar": [
    [
      0.24545562267303467,
      "Zilong Wang"
    ],
    [
      0.2964322566986084,
      "Binziya Siddik"
    ],
    [
      0.35099852085113525,
      "Bhavik Kantilal Bhagat"
    ],
    [
      0.36470282077789307,
      "Sridhar Vadla "
    ],
    [
      0.38265460729599,
      "Md Riad Arifin"
    ]
  ],
  "Jeevan Dhakal": [
    [
      0.18242573738098145,
      "Miguel Palafox"
    ],
    [
      0.2073817253112793,
      "Binziya Siddik"
    ],
    [
      0.2487422227859497,
      "Jayanta Sarker Shuva"
    ],
    [
      0.2940189838409424,
      "Mohammad Pakdoust"
    ],
    [
      0.29823440313339233,
      "Nikita Neveditsin"
    ]
  ],
  "Jayanta Sarker Shuva": [
    [
      0.19956457614898682,
      "Binziya Siddik"
    ],
    [
      0.22138887643814087,
      "Mohammad Pakdoust"
    ],
    [
      0.2346411943435669,
      "Miguel Palafox"
    ],
    [
      0.23547005653381348,
      "Md Musfiqur Rahman"
    ],
    [
      0.2487422227859497,
      "Jeevan Dhakal"
    ]
  ],
  "Md Riad Arifin": [
    [
      0.21819818019866943,
      "Binziya Siddik"
    ],
    [
      0.2743712067604065,
      "Somto Muotoe"
    ],
    [
      0.30471372604370117,
      "Sridhar Vadla "
    ],
    [
      0.31779563426971436,
      "Soundarya Venkataraman"
    ],
    [
      0.32421380281448364,
      "Md Musfiqur Rahman"
    ]
  ]
}